embnur,embnom,numlic,fecha_expedicion,fecha_expiracion,estado,propietario,Provincia,embesloraamp,embmangaamp,embpuntalamp,Descripcin,categoria,patente_amp
P-165,ABUNDIA R,PAL-5964-A,2023-06-23,2025-06-23,ACTIVA,"PANIFISH 3, S.A.",Chiriquí,14.0,4.76,2.0,Palangre,INDUSTRIAL,2951-PINT
171,AGROMAR I,PAL-302-A,2023-07-20,2025-07-20,ACTIVA,JOSE LUIS IBARRA ARRIETA,,15.54,4.38,2.19,Palangre,INDUSTRIAL,34837-09-A
003,ALFA Y OMEGA,C-055,2024-10-30,2025-10-30,ACTIVA,"MARILLO HOLDING, CORP.",,21.94,6.1,2.74,Arrastre de Camarón,INDUSTRIAL,00145-74-K
004,ALMIRANTE TRIPPE,C-007-A,2023-12-11,2024-12-11,VENCIDA,"PRODUCCIÓN PESQUERA ARROYO, S. A.",,19.81,5.49,2.74,Arrastre de Camarón,INDUSTRIAL,8256-77-F
005,AMERICA,C-217-C,2023-09-27,2024-09-27,VENCIDA,"INDUSTRIA PESQUERA  DE PANAMA XD, S.A ",,25.3,6.71,3.05,Arrastre de Camarón,INDUSTRIAL,23-PINT-11
006,AMERICA I,C-105,2024-04-18,2025-04-18,ACTIVA,"NAVES AMERICA, S. A.",,22.2,6.06,2.7,Arrastre de Camarón,INDUSTRIAL,23086-96-D
006,AMERICA I,PAL-9,2022-10-05,2024-10-05,VENCIDA,"NAVES AMERICA, S. A.",,22.2,6.06,2.7,Palangre,INDUSTRIAL,23086-96-D
007,AMERICA II,C-106,2024-08-23,2025-08-23,ACTIVA,"NAVES AMERICA, S. A.",,22.41,6.03,2.7,Arrastre de Camarón,INDUSTRIAL,23102-96-E
007,AMERICA II,PAL-3,2022-09-20,2024-09-20,VENCIDA,"NAVES AMERICA, S. A.",,22.41,6.03,2.7,Palangre,INDUSTRIAL,23102-96-E
008,AMERICA III,C-107,2024-10-16,2025-10-16,ACTIVA,"NAVES AMERICA, S. A.",,22.48,6.03,2.73,Arrastre de Camarón,INDUSTRIAL,23753-97-E
008,AMERICA III,PAL-19,2023-04-28,2025-04-28,ACTIVA,"NAVES AMERICA, S. A.",,22.48,6.03,2.73,Palangre,INDUSTRIAL,23753-97-E
009,AMERICA IV,C-108,2022-06-28,2023-06-28,VENCIDA,"NAVES AMERICA, S. A.",,22.67,5.62,3.43,Arrastre de Camarón,INDUSTRIAL,23143-96-D
009,AMERICA IV,PAL-23,2020-12-09,2022-12-09,VENCIDA,"NAVES AMERICA, S. A.",,22.67,5.62,3.43,Palangre,INDUSTRIAL,23143-96-D
010,AMERICA IX,C-113,2022-06-28,2023-06-28,VENCIDA,"NAVES AMERICA, S. A.",,21.34,6.1,2.44,Arrastre de Camarón,INDUSTRIAL,23107-96-E
010,AMERICA IX,PAL-7,2022-09-26,2024-09-26,VENCIDA,"NAVES AMERICA, S. A.",,21.34,6.1,2.44,Palangre,INDUSTRIAL,23107-96-E
011,AMERICA V,PAL-26,2022-12-09,2024-12-09,VENCIDA,"NAVES AMERICA, S. A.",,22.56,6.71,3.35,Palangre,INDUSTRIAL,23105-96-E
011,AMERICA V,C-109,2024-08-23,2025-08-23,ACTIVA,"NAVES AMERICA, S. A.",,22.56,6.71,3.35,Arrastre de Camarón,INDUSTRIAL,23105-96-E
012,AMERICA VI,PAL-2,2022-09-15,2024-09-15,VENCIDA,"NAVES AMERICA, S. A.",,21.1,5.65,2.15,Palangre,INDUSTRIAL,09197-78-H
012,AMERICA VI,C-110,2022-07-25,2023-07-25,VENCIDA,"NAVES AMERICA, S. A.",,21.1,5.65,2.15,Arrastre de Camarón,INDUSTRIAL,09197-78-H
013,AMERICA X,C-114,2024-07-12,2025-07-12,ACTIVA,"NAVES AMERICA, S. A.",,19.53,5.37,3.02,Arrastre de Camarón,INDUSTRIAL,23142-96-E
014,AMERICA XI,C-115,2024-09-30,2025-09-30,ACTIVA,"NAVES AMERICA, S. A.",,19.83,5.28,3.06,Arrastre de Camarón,INDUSTRIAL,23088-96-D
015,AMERICA XII,C-116,2024-10-09,2025-10-09,ACTIVA,"NAVES AMERICA, S. A.",,19.96,5.45,3.0,Arrastre de Camarón,INDUSTRIAL,23101-96-D
271,ANA ISABEL I,PAL-393,2022-06-28,2024-06-28,VENCIDA,JAIRO JOSHMAR MENDOZA MORENO,,17.67,3.96,1.5,Palangre,INDUSTRIAL,2734-PINT
016,ANCHOVETAS,B-028-B,2024-07-27,2025-07-27,ACTIVA,"ANCHOVETAS, S. A.",,24.24,7.2,3.3,Bolicheros máximo 20 licencias,INDUSTRIAL,33788-08-C
240,ANCHOVETAS II,B-030,2024-04-09,2025-04-09,ACTIVA,"ANCHOVETAS, S. A.",,25.3,7.76,3.55,Bolicheros máximo 20 licencias,INDUSTRIAL,51546-20
017,ANDREA M.,B-034,2024-07-27,2025-07-27,ACTIVA,"PESQUERA TABOGUILLA, S. A.",,19.54,4.88,2.74,Bolicheros máximo 20 licencias,INDUSTRIAL,45957-14-B
019,ARGONAUTA,C-202-B,2024-09-02,2025-09-02,ACTIVA,"COMPAÑIA GRAN PESCA DEL PACIFICO, S.A.",,21.85,6.1,3.05,Arrastre de Camarón,INDUSTRIAL,00055-69-L
020,BAHIA,C-203-B,2023-09-23,2024-09-23,VENCIDA,"PACIFIC OCEAN SHRIMP COMPANY, S.A.",,21.95,6.1,2.66,Arrastre de Camarón,INDUSTRIAL,151-75-k
226,BAYANO IV,B-039,2024-02-21,2025-02-21,ACTIVA,"BLACKLANE HOLDING, S. A.",,27.09,8.53,3.56,Bolicheros máximo 20 licencias,INDUSTRIAL,50234-19-A
279,BAYANO V,CC-408,2021-12-06,2023-12-06,VENCIDA,"BLACKLANE HOLDING, S. A.",,27.09,8.53,3.56,Cerco para Cojinúa,INDUSTRIAL,53810-22
239,BAYANO VI,B-037-A,2024-02-22,2025-02-22,ACTIVA,"BLACKLANE HOLDING, S. A.",Panamá,27.09,8.53,3.56,Bolicheros máximo 20 licencias,INDUSTRIAL,50814-19-C
238,BAYANO VII,B-036-A,2024-06-24,2025-06-24,ACTIVA,"BLACKLANE HOLDING, S. A.",,27.09,8.53,3.56,Bolicheros máximo 20 licencias,INDUSTRIAL,50813-19-C
059,BAYANO VIII,B-038-A,2024-06-24,2025-06-24,ACTIVA,"BLACKLANE HOLDING, S. A.",,27.09,8.53,3.56,Bolicheros máximo 20 licencias,INDUSTRIAL,50205-19-B
247,BIGEYE,PAL-332,2022-10-03,2024-10-03,VENCIDA,"PESQUERA MISS JEIMY, S.A",,22.25,6.71,3.35,Palangre,INDUSTRIAL,2723-PINT-5
066,BLUE SEA 1,C-193-B,2024-09-13,2025-09-13,ACTIVA,"BLUE SEA PANAMA EXPORT, S.A.",,18.5,5.49,2.68,Arrastre de Camarón,INDUSTRIAL,16-PINT-4
049,BLUE SEA 2,C-204-B,2024-09-13,2025-09-13,ACTIVA,"BLUE SEA PANAMA EXPORT, S.A.",,21.06,5.52,3.05,Arrastre de Camarón,INDUSTRIAL,56-PINT-2
152,BLUE SEA 3,C-197-B,2024-09-13,2025-09-13,ACTIVA,"BLUE SEA PANAMA EXPORT, S.A.",,20.73,6.1,2.44,Arrastre de Camarón,INDUSTRIAL,265-PINT-5
112,BLUE SEA IV,C-198-A,2023-09-13,2024-09-13,VENCIDA,"BLUE SEA PANAMA EXPORT, S.A.",,18.38,5.52,2.5,Arrastre de Camarón,INDUSTRIAL,19-PINT-3
112,BLUE SEA IV,PAL-409,2022-11-22,2024-11-22,VENCIDA,"BLUE SEA PANAMA EXPORT, S.A.",,18.38,5.52,2.5,Palangre,INDUSTRIAL,19-PINT-3
023,BYZANTIO,C-051,2024-10-30,2025-10-30,ACTIVA,PESCA INVESTMENT & DEVELOPMENT CORP.,,18.59,5.18,2.29,Arrastre de Camarón,INDUSTRIAL,00210-64-L
024,CAPITAN AGU,C-071-B,2024-07-12,2025-07-12,ACTIVA,"MARI SERVICES, S.A.",,21.33,5.79,2.44,Arrastre de Camarón,INDUSTRIAL,148-PINT-4
047,CAPITAN FERNANDO,C-225-B,2022-09-07,2023-09-07,VENCIDA,"PESQUERA GORGONA, S.A, ) ( GORGONA)",,23.77,6.4,2.74,Arrastre de Camarón,INDUSTRIAL,114-73-L
160,CAPITAN LINDO,C-022-B,2024-10-10,2025-10-10,ACTIVA,"MARI SERVICES, S.A.",,21.95,6.1,2.74,Arrastre de Camarón,INDUSTRIAL,118-73-I
087,CAPITAN NENE,C-036-B,2024-10-09,2025-10-09,ACTIVA,"MARI SERVICES, S.A.",,21.16,6.19,3.13,Arrastre de Camarón,INDUSTRIAL,10822-81-J
022,CELIA M II,B-013-A,2024-04-05,2025-04-05,ACTIVA,"PESQUERA TABOGUILLA, S. A.",,25.6,7.65,3.6,Bolicheros máximo 20 licencias,INDUSTRIAL,52923-22-A
028,CENTRAL PACIFIC I,B-012-A,2024-07-27,2025-07-27,ACTIVA,"CENTRAL PACIFIC PROTEIN, CORP.",,23.6,7.8,3.09,Bolicheros máximo 20 licencias,INDUSTRIAL,24066-97-E
029,CHEPAURI,C-076,2023-08-05,2024-08-05,VENCIDA,"MOTONAVE PANTERA I, S. A.",,20.73,6.09,2.43,Arrastre de Camarón,INDUSTRIAL,00198-76-I
030,CHIGORE,C-228,2023-08-04,2024-08-04,VENCIDA,"MOTONAVE DOÑA NENA, S. A.",,20.73,6.1,2.44,Arrastre de Camarón,INDUSTRIAL,175-76-I
031,CHININA,C-088,2024-08-03,2025-08-03,ACTIVA,"MOTONAVE PANTERA I, S. A.",,20.73,6.1,2.44,Arrastre de Camarón,INDUSTRIAL,195-76-J
032,CHINO,C-178,2024-11-07,2025-11-07,ACTIVA,"CIA. PONINO, S. A.",,22.25,6.1,2.74,Arrastre de Camarón,INDUSTRIAL,143-74-N
033,CHIRIQUI GRANDE,C-066,2024-10-30,2025-10-30,ACTIVA,"GOLD LAKE NAVIGATION, S. A.",,24.02,6.06,4.04,Arrastre de Camarón,INDUSTRIAL,4311-58-I
034,CHIRIQUI I,C-242,2024-10-21,2025-10-21,ACTIVA,"PC FISHING COMPANY, S. A.",,24.06,6.09,4.06,Arrastre de Camarón,INDUSTRIAL,30180-04-CH
035,CHIRIQUI V,C-060,2024-10-30,2025-10-30,ACTIVA,"CAIMITO PORT INVESTMENT, CORP.",,24.02,6.02,4.01,Arrastre de Camarón,INDUSTRIAL,04461-59-I
036,CHIRIQUI VIII,C-059,2024-10-21,2025-10-21,ACTIVA,"COMERCIALIZADORA DE PECES Y MARISCOS, S.",,23.9,5.9,5.0,Arrastre de Camarón,INDUSTRIAL,4388-58-G
037,CHIRIQUI X,C-241,2024-10-29,2025-10-29,ACTIVA,"DESARROLLO MARITIMO PC PANAMÁ, S. A.",,24.08,6.09,4.08,Arrastre de Camarón,INDUSTRIAL,30181-04-CH
038,CHIRIQUI XI,C-045,2024-10-29,2025-10-29,ACTIVA,"COMPAÑIA GRAN CHIRIQUI XI, S.A.",,24.1,6.11,4.11,Arrastre de Camarón,INDUSTRIAL,215-65-I
025,CHIRIQUI XV,C-054,2024-02-08,2025-02-08,VENCIDA,CAIPORT INVESTMENT CORP.,,19.2,5.46,2.13,Arrastre de Camarón,INDUSTRIAL,00003-PINT-3
168,CHIRIQUI XVII,C-061,2024-04-17,2025-04-17,ACTIVA,PESCA INVESTMENT & DEVELOPMENT CORP.,,18.29,5.18,1.89,Arrastre de Camarón,INDUSTRIAL,187-PINT-6
039,CONSTANTINO II,C-240-A,2024-09-15,2025-09-15,ACTIVA,"INDUSTRIAS PANAMEÑAS DEL PACIFICO, S. A.",,18.56,5.18,2.56,Arrastre de Camarón,INDUSTRIAL,27819-01-E
115,COPEVA 1,C-003-C,2024-08-06,2025-08-06,ACTIVA,CONSORCIO PESQUERO VACAMONTE S.A.,,18.29,5.49,1.89,Arrastre de Camarón,INDUSTRIAL,04215-57-L
001,COPEVA 2,C-074-B,2024-09-06,2025-09-06,ACTIVA,DANISHAMERICAN SHIPPING CORP,,21.95,6.1,2.74,Arrastre de Camarón,INDUSTRIAL,248-PINT-5
079,COPEVA 3,C-095-B,2024-09-06,2025-09-06,ACTIVA,DANISHAMERICAN SHIPPING CORP,,21.94,6.1,2.74,Arrastre de Camarón,INDUSTRIAL,239-PINT-2
058,COPEVA 4,C-194-A,2024-09-06,2025-09-06,ACTIVA,DANISHAMERICAN SHIPPING CORP,,21.95,6.1,2.74,Arrastre de Camarón,INDUSTRIAL,207-PINT-2
054,COPEVA 5,C-090-B,2024-09-04,2025-09-04,ACTIVA,DANISHAMERICAN SHIPPING CORP,,21.95,6.1,2.74,Arrastre de Camarón,INDUSTRIAL,228-PINT-5
052,COPEVA 6,C-196-A,2024-09-06,2025-09-06,ACTIVA,DANISHAMERICAN SHIPPING CORP,,21.95,6.1,2.74,Arrastre de Camarón,INDUSTRIAL,206-PINT-2
040,CORAL V,C-117-A,2021-03-15,2022-03-15,VENCIDA,"CANTERA INDUSTRIAL, S. A.",,18.78,6.05,2.18,Arrastre de Camarón,INDUSTRIAL,45632-14-A
041,CORAZON DE JESUS,C-179,2024-11-06,2025-11-06,ACTIVA,"CIA LOPEZ, S. A.",,20.73,6.1,2.44,Arrastre de Camarón,INDUSTRIAL,152-75-G
043,CORONADO,C-200-A,2024-09-23,2025-09-23,ACTIVA,"PACIFIC OCEAN SHRIMP COMPANY, S.A.",,21.95,6.1,2.9,Arrastre de Camarón,INDUSTRIAL,54-69-L
223,COSTA CLARA,PAL-340-A,2023-06-22,2025-06-22,ACTIVA,COSTA CLARA FISHSHOP S.A.  /M/N COSTA CLARA),,13.1,3.04,1.21,Palangre,INDUSTRIAL,1882-PINT-4
153,CRISULA,C-373,2021-12-05,2022-12-05,VENCIDA,"PESQUERA KRANIDI, S. A.",,18.53,4.85,1.85,Arrastre de Camarón,INDUSTRIAL,4164-57-I
045,CRUSTACEOS I,PAL-8-A,2023-01-18,2025-01-18,VENCIDA,"NAVES AMERICA, S. A.",,19.39,6.09,3.28,Palangre,INDUSTRIAL,969-PINT-3
046,DABAIBA,C-084-A,2024-08-23,2025-08-23,ACTIVA,FELIX JULIAN ROMERO ORTEGA,,20.73,6.1,2.44,Arrastre de Camarón,INDUSTRIAL,189-76-J
259,DAVID ANEL,PAL-348,2023-04-29,2025-04-29,ACTIVA,DAVID SANABRIA FLORES,Chiriquí,14.75,4.59,1.88,Palangre,INDUSTRIAL,46810-15
278,DIOS PRIMERO II,PAL-406,2024-10-02,2026-10-02,ACTIVA,ENRIQUE ALBERTO FAJARDO SOTO,Panamá,15.85,2.45,1.5,Palangre,INDUSTRIAL,2967-PINT
048,DON CHICO,C-065,2024-02-09,2025-02-09,VENCIDA,"PEMANCO INTERNATIONAL, CORP.",,19.2,5.49,2.71,Arrastre de Camarón,INDUSTRIAL,28-65-N
057,DON GERMAN,CC-031-B,2024-11-29,2026-11-29,ACTIVA,ENEDINA ROSA DIAZ REYES DE VANEGAS,,15.58,3.63,1.9,Cerco para Cojinúa,INDUSTRIAL,1790-PINT-3
050,DON HUGO,C-168,2023-08-03,2024-08-03,VENCIDA,"MOTONAVE DON HUGO, S. A.",,20.73,6.1,2.44,Arrastre de Camarón,INDUSTRIAL,181-76-I
236,DON LUIS M.,PAL-63-A,2023-06-01,2025-06-01,ACTIVA,GENESIS ENITH JIMENEZ GOMEZ,Panamá,13.92,3.46,1.15,Palangre,INDUSTRIAL,46231-14-A
051,DON NICOLAS,C-192-A,2023-09-13,2024-09-13,VENCIDA,"PESQUERA PERLA DEL PACIFICO,S.A. (ANDROS I)",,18.0,5.5,2.66,Arrastre de Camarón,INDUSTRIAL,225-65-H
051,DON NICOLAS,PAL-411,2022-11-22,2024-11-22,VENCIDA,"PESQUERA PERLA DEL PACIFICO,S.A. (ANDROS I)",,18.0,5.5,2.66,Palangre,INDUSTRIAL,225-65-H
273,DON ROQUE,PAL-395,2022-07-15,2024-07-15,VENCIDA,ABARIS JESSUE GIL TEJADA,,13.41,2.49,1.8,Palangre,INDUSTRIAL,6020-A
237,DON VICTORIO,PAL-319,2024-02-17,2026-02-17,ACTIVA,VICTOR AMETT RODRIGUEZ MADRID,,13.73,4.59,1.75,Palangre,INDUSTRIAL,53015-22
196,DOÑA CELE,PAL-55,2023-03-20,2025-03-20,ACTIVA,JAIRO GRANJA GARCIA,,16.5,5.49,2.1,Palangre,INDUSTRIAL,51856-20
P-173,DOÑA EUGENIA,PAL-73,2023-03-28,2025-03-28,ACTIVA,SEGUNDO GUDIÑO ZALDIVAR,Panamá,13.98,4.25,2.0,Palangre,INDUSTRIAL,35224-19
053,DOÑA IVIS,C-062,2024-02-08,2025-02-08,VENCIDA,"PEMANCO INTERNATIONAL, CORP.",,18.9,5.79,2.13,Arrastre de Camarón,INDUSTRIAL,5-62-K
231,DOÑA MELY,PAL-2636-A,2023-09-28,2025-09-28,ACTIVA,"PESCADERIA MELYMAR, S.A. ",Panamá,16.15,4.27,1.98,Palangre,INDUSTRIAL,2328-PINT-2
219,DOÑA MERCEDES,PAL-303,2021-07-13,2023-07-13,VENCIDA,"TINWALD TRADING, INC.",,14.7,4.45,2.25,Palangre,INDUSTRIAL,19218-90-CH
P-085,DOÑA VERO I,PAL-4016-A,2023-04-21,2025-04-21,ACTIVA,"PANIFISH 4, S.A.",Chiriquí,14.36,4.81,2.1,Palangre,INDUSTRIAL,2850-PINT-1
258,DOÑA YARA,PAL-347,2023-04-26,2025-04-26,ACTIVA,JAVIER ALEXANDER RIOS BERNAL,,14.39,4.35,1.86,Palangre,INDUSTRIAL,46849-15-A
195,EL BAMBINO,PAL-4342,2024-10-24,2026-10-24,ACTIVA,ELVINS NOEL IRIBARREN ALDEANO,Panamá,9.75,4.5,1.5,Palangre,INDUSTRIAL,01259-PINT-1
055,EL BRUJO,C-028,2024-09-25,2025-09-25,ACTIVA,"MOTONAVE DOÑA NENA, S. A.",,21.33,5.86,2.84,Arrastre de Camarón,INDUSTRIAL,20084-92-F
056,EL ESPARTANO,C-064,2024-10-31,2025-10-31,ACTIVA,PESCA INVESTMENT & DEVELOPMENT CORP.,,18.29,5.49,1.88,Arrastre de Camarón,INDUSTRIAL,4307-58-K
283,EL FARAÓN,PAL-416,2023-08-28,2025-08-28,ACTIVA,"INVERSIONES MARINO, S.A",,15.85,3.45,1.7,Palangre,INDUSTRIAL,3001-PINT
P-381,EL FENIX II,PAL-383-A,2021-12-10,2023-12-10,VENCIDA,MARVIN USIEL RODRIGUEZ CASTILLO,,12.14,3.57,0.85,Palangre,INDUSTRIAL,2480-PINT-2
103,EL HABILIDOSO,C-181-A,2024-08-18,2025-08-18,ACTIVA,YESENIA SOSA GOMEZ,,20.73,6.13,2.44,Arrastre de Camarón,INDUSTRIAL,00194-76-i
276,EL PANADIAN,PAL-398-A,2024-07-26,2026-07-26,ACTIVA,MAGALY ESTHER CRUZ DE GRACIA,,17.06,5.3,1.96,Palangre,INDUSTRIAL,2954-PINT-1
264,EL PATRON,PAL-341,2023-02-02,2025-02-02,VENCIDA,ADRIANO RIOS BERNAL,,14.06,3.92,1.68,Palangre,INDUSTRIAL,47126-15-A
113,EL SHADDAI,PAL-384,2022-02-03,2024-02-03,VENCIDA,"MULTISERVICIOS PANAMA OESTE, S,A.",,22.86,6.4,3.35,Palangre,INDUSTRIAL,40-69-G
113,EL SHADDAI,C-075-A,2021-12-01,2022-12-01,VENCIDA,"MULTISERVICIOS PANAMA OESTE, S,A.",,22.86,6.4,3.35,Arrastre de Camarón,INDUSTRIAL,40-69-G
256,EL TRIUNFO I,PAL-345,2022-05-26,2024-05-26,VENCIDA,HAROL CUERO ARROYO,,16.15,4.57,1.83,Palangre,INDUSTRIAL,2757-PINT
241,EL UNGIDO,PAL-324,2024-05-29,2026-05-29,ACTIVA,CARLOS IVAN  ARAUZ BERNAL,,13.98,4.31,1.96,Palangre,INDUSTRIAL,48082-16-A
266,ESILDA DEL MAR,PAL-385,2022-02-03,2024-02-03,VENCIDA,"PESQUERA ATLANTE, S.A",,17.0,3.73,1.8,Palangre,INDUSTRIAL,3129-PINT
060,ESMERALDA DEL PACIFICO,C-195-B,2024-09-23,2025-09-23,ACTIVA,"FWH, S. A.",,21.67,5.59,2.65,Arrastre de Camarón,INDUSTRIAL,32119-06-B
062,EVIA,C-199-B,2024-09-02,2025-09-02,ACTIVA,"COMPAÑIA GRAN PESCA DEL PACIFICO, S.A.",,21.95,5.79,2.74,Arrastre de Camarón,INDUSTRIAL,00080-71-J
277,FRADEVA,PAL-403,2024-10-10,2026-10-10,ACTIVA,CONSTANTINO APARICIO CASTILLO,Chiriquí,15.92,4.92,2.3,Palangre,INDUSTRIAL,2887-PINT
228,GALEON - I,PAL-334-B,2023-06-29,2025-06-29,ACTIVA,"PESQUERA GALEON, S.A",Panamá,21.9,6.0,1.2,Palangre,INDUSTRIAL,889-PINT-6
268,GARMAR II,PAL-382,2021-12-09,2023-12-09,VENCIDA,LILIANA BENAVIDES,,16.94,4.0,2.1,Palangre,INDUSTRIAL,2868-PINT-1
063,GAVIOTA II,C-244,2023-10-23,2024-10-23,VENCIDA,"PESQUERA XIAN S.A,  (GAVIOTA II)",,19.81,5.47,2.1,Arrastre de Camarón,INDUSTRIAL,8-65-N
064,GEORGIOS,C-210,2024-08-06,2025-08-06,ACTIVA,"MOTONAVE PANTERA I, S. A.",,21.95,6.1,2.29,Arrastre de Camarón,INDUSTRIAL,4-67-N
065,GITANO,C-072,2023-08-04,2024-08-04,VENCIDA,"MOTONAVE DOÑA NENA, S. A.",,21.34,6.1,3.05,Arrastre de Camarón,INDUSTRIAL,147-74-L
068,HELLEN MARIAN,C-101-A,2024-08-25,2025-08-25,ACTIVA,"CORPORACION PESQUERA NACIONAL, S. A.",,20.73,6.1,2.44,Arrastre de Camarón,INDUSTRIAL,214-77-K
068,HELLEN MARIAN,PAL-307,2019-08-28,2021-08-28,VENCIDA,"CORPORACION PESQUERA NACIONAL, S. A.",,20.73,6.1,2.44,Palangre,INDUSTRIAL,214-77-K
070,HERCULES VI,C-122,2022-07-25,2023-07-25,VENCIDA,"NAVES HERCULES, S. A.",,22.55,6.0,2.8,Arrastre de Camarón,INDUSTRIAL,17883-88-F
070,HERCULES VI,PAL-4,2022-09-15,2024-09-15,VENCIDA,"NAVES HERCULES, S. A.",,22.55,6.0,2.8,Palangre,INDUSTRIAL,17883-88-F
071,HERCULES VII,C-123,2022-07-25,2023-07-25,VENCIDA,"NAVES HERCULES, S. A.",,22.73,5.93,3.01,Arrastre de Camarón,INDUSTRIAL,17882-88-F
071,HERCULES VII,PAL-25,2020-12-09,2022-12-09,VENCIDA,"NAVES HERCULES, S. A.",,22.73,5.93,3.01,Palangre,INDUSTRIAL,17882-88-F
072,HERCULES VIII,C-124,2022-07-25,2023-07-25,VENCIDA,"NAVES HERCULES, S. A.",,20.77,5.94,3.08,Arrastre de Camarón,INDUSTRIAL,23109-96-CH
072,HERCULES VIII,PAL-5,2022-12-22,2024-12-22,VENCIDA,"NAVES HERCULES, S. A.",,20.77,5.94,3.08,Palangre,INDUSTRIAL,23109-96-CH
073,IGNACIA M.,B-006-B,2024-07-27,2025-07-27,ACTIVA,"PESQUERA TABOGUILLA, S. A.",,23.75,7.11,3.2,Bolicheros máximo 20 licencias,INDUSTRIAL,34000-08-C
074,IKAROS,C-047,2024-02-28,2025-02-28,ACTIVA," C. P. FISH COMPANY (PANAMA), INC.",,18.44,5.49,2.79,Arrastre de Camarón,INDUSTRIAL,159-65-H
166,INDIO 1681 JR.,PAL-422-A,2024-02-05,2026-02-05,ACTIVA,JOSE LUIS PINEDA PINEDA,Chiriquí,15.33,5.11,2.25,Palangre,INDUSTRIAL,3056-PINT
138,ING. VALLARINO,B-022,2024-07-27,2025-07-27,ACTIVA,"ANCHOVETAS, S. A.",,25.67,7.92,3.65,Bolicheros máximo 20 licencias,INDUSTRIAL,3082-PINT
075,ISLA MELONES,B-017,2024-07-27,2025-07-27,ACTIVA,"ANCHOVETAS, S. A.",,21.73,7.46,3.08,Bolicheros máximo 20 licencias,INDUSTRIAL,22691-96-E
076,ISLA SAN THELMO,B-031,2024-07-27,2025-07-27,ACTIVA,"ANCHOVETAS, S. A.",,24.68,6.85,3.53,Bolicheros máximo 20 licencias,INDUSTRIAL,27910-01-CH
078,ISNA VICKY,C-029-A,2024-09-15,2025-09-15,ACTIVA,"INDUSTRIAS PANAMEÑAS DEL PACIFICO, S. A.",,20.84,9.15,2.13,Arrastre de Camarón,INDUSTRIAL,4193-57-J
257,J.K.,PAL-346,2023-04-09,2025-04-09,ACTIVA,JORGE IVAN RODRIGUEZ APARICIO,,13.53,4.08,1.7,Palangre,INDUSTRIAL,2024-PINT-1
263,JAHDAI I,PAL-392,2024-06-12,2026-06-12,ACTIVA,EDWIN JOSE PINILLA CEDEÑO,,14.63,3.75,3.0,Palangre,INDUSTRIAL,2181-PINT-1
272,JOB TUNA,PAL-394,2024-07-05,2026-07-05,ACTIVA,MONICA PAOLA MORALES DE CARRERA,,13.62,4.67,2.0,Palangre,INDUSTRIAL,2185-PINT-2
161,JOHAN,PAL-420,2024-01-24,2026-01-24,ACTIVA,KARINA ALEXANDRA VILLA CASTRO,Panamá Oeste,14.0,2.3,2.2,Palangre,INDUSTRIAL,2033-PINT-2
248,JOYSMAR III,PAL-333,2024-09-12,2026-09-12,ACTIVA,JOSE LUIS PINEDA PINEDA,,14.67,3.78,1.4,Palangre,INDUSTRIAL,45970-14-C
105,JUAN B.,C-069-A,2024-10-06,2025-10-06,ACTIVA,"MARI SERVICES, S.A.",,21.55,5.97,2.74,Arrastre de Camarón,INDUSTRIAL,8762-78-K
080,KATERINA,PAL-404,2022-10-22,2024-10-22,VENCIDA,"INDUSTRIAS PANAMEÑAS DEL PACIFICO, S. A.",,19.51,5.49,2.13,Palangre,INDUSTRIAL,04313-58-O
080,KATERINA,C-358,2023-09-15,2024-09-15,VENCIDA,"INDUSTRIAS PANAMEÑAS DEL PACIFICO, S. A.",,19.51,5.49,2.13,Arrastre de Camarón,INDUSTRIAL,04313-58-O
081,KOJIRA,CC-024-A,2024-04-11,2026-04-11,ACTIVA,FUNDACION PECES DEL MAR,,21.34,6.1,3.05,Cerco para Cojinúa,INDUSTRIAL,36-PINT-6
155,KOJIRA 1,PAL-70,2022-07-05,2024-07-05,VENCIDA,FUNDACION K.D.,,19.0,5.6,2.7,Palangre,INDUSTRIAL,23698-97-F
082,KRISTEN P. II,B-010,2024-07-27,2025-07-27,ACTIVA,"PESQUERA TABOGUILLA, S. A.",,25.67,7.92,3.65,Bolicheros máximo 20 licencias,INDUSTRIAL,55435-24
234,KUPIA KUMI,PAL-311,2023-10-12,2025-10-12,ACTIVA,CLEMENTE SAENZ GOMEZ,,13.41,3.66,1.22,Palangre,INDUSTRIAL,107-72-G
P-002,LA LORETA,PAL-2589-A,2024-06-12,2026-06-12,ACTIVA,NANCY EDITH VILLAREAL DIAZ DE CORTEZ,Panamá,11.9,2.81,1.62,Palangre,INDUSTRIAL,1736-A
083,LA MAESTRA,B-024,2024-07-27,2025-07-27,ACTIVA,"ANCHOVETAS, S. A.",,23.0,7.33,3.09,Bolicheros máximo 20 licencias,INDUSTRIAL,28471-02-CH
233,LA NAVE 1,PAL-350,2023-05-19,2025-05-19,ACTIVA,RUBEN NELSON ANDRADE PERALTA,Los Santos,16.51,4.2,2.54,Palangre,INDUSTRIAL,51202-20
270,LA NAVE 7,PAL-5075,2024-06-07,2026-06-07,ACTIVA,PEDRO AQUILES ANDRADE PERALTA,Panamá,17.69,4.58,2.54,Palangre,INDUSTRIAL,2908-PINT-1
190,LEOMARIE,PAL-76-A,2022-11-17,2024-11-17,VENCIDA,"TUNAMAR CHIRIQUI, S.A.",,17.6,4.92,2.5,Palangre,INDUSTRIAL,2579-PINT-1
084,LIBERTAD,C-058,2024-02-08,2025-02-08,VENCIDA,"DEVECO PORT INVESTMENT, CORP.",,18.29,4.85,1.74,Arrastre de Camarón,INDUSTRIAL,4366-58-N
165,LIDER 2,PAL-421,2024-01-24,2026-01-24,ACTIVA,OSVALDO KAM FLORES,Chiriquí,16.76,4.45,1.7,Palangre,INDUSTRIAL,3058-PINT
265,LION OF JUDAH,PAL-355-B,2024-09-26,2026-09-26,ACTIVA,PORFIRIO FLORES MORENO,,14.0,3.48,1.38,Palangre,INDUSTRIAL,2796-PINT-1
085,LOS AZULES,B-032,2024-07-27,2025-07-27,ACTIVA,"ANCHOVETAS, S. A.",,23.0,7.33,3.09,Bolicheros máximo 20 licencias,INDUSTRIAL,28429-02-CH
251,LOS COMPITAS,PAL-337,2024-12-12,2026-12-12,ACTIVA,FRANKLIN ALMENGOR ,,14.11,4.7,1.92,Palangre,INDUSTRIAL,46469-15-A
086,LOS FARALLONES,B-026,2024-07-27,2025-07-27,ACTIVA,"ANCHOVETAS, S. A.",,23.05,7.33,3.09,Bolicheros máximo 20 licencias,INDUSTRIAL,25412-98-C
027,LUXOR,C-227-A,2024-04-17,2025-04-17,ACTIVA,"MARISCOS VIELKA, S. A.",,20.73,6.1,2.44,Arrastre de Camarón,INDUSTRIAL,169-75-J
088,LUXOR II,C-229-A,2024-07-28,2025-07-28,ACTIVA,"MARISCOS VIELKA, S. A.",,20.73,6.1,2.44,Arrastre de Camarón,INDUSTRIAL,172-76-I
067,LUXOR III,C-031-A,2024-08-04,2025-08-04,ACTIVA,"MARISCOS VIELKA, S. A.",,20.15,5.86,2.12,Arrastre de Camarón,INDUSTRIAL,8475-78-K
090,LUXOR IV,C-206-A,2024-07-28,2025-07-28,ACTIVA,"MARISCOS VIELKA, S. A.",,20.73,6.1,2.44,Arrastre de Camarón,INDUSTRIAL,00204-77-J
091,LUXOR V,C-070-A,2024-07-29,2025-07-29,ACTIVA,"MARISCOS VIELKA, S. A.",,20.73,6.1,2.44,Arrastre de Camarón,INDUSTRIAL,205-77-K
092,MAR EGEO,C-046,2024-10-22,2025-10-22,ACTIVA,"PEMANCO INTERNATIONAL, CORP.",,18.59,5.18,2.29,Arrastre de Camarón,INDUSTRIAL,196-64-J
093,MARATHON,C-063,2024-02-08,2025-02-08,VENCIDA,PESCA INVESTMENT & DEVELOPMENT CORP.,,18.29,5.49,1.89,Arrastre de Camarón,INDUSTRIAL,4310-58-K
094,MARGARITA,C-186-A,2024-09-15,2025-09-15,ACTIVA,"INDUSTRIAS PANAMEÑAS DEL PACIFICO, S. A.",,19.75,6.1,2.74,Arrastre de Camarón,INDUSTRIAL,8078-77-I
096,MARIA TERESA 1,C-167-A,2024-08-01,2025-08-01,ACTIVA,GENARO SOSA ORTEGA,,20.73,6.1,2.44,Arrastre de Camarón,INDUSTRIAL,173-76-I
097,MARISCOS 10,C-100,2024-08-07,2025-08-07,ACTIVA,"MOTONAVE ALEJANDRO A., S. A.",,22.54,6.3,3.23,Arrastre de Camarón,INDUSTRIAL,16035-87-H
099,MARISCOS 12,C-177-A,2024-08-09,2025-08-09,ACTIVA,YOLANDA ESTHER MORALES GONZALEZ DE JIMENEZ,,20.73,6.1,2.44,Arrastre de Camarón,INDUSTRIAL,00166-75-N
100,MARISCOS 14,C-175,2024-08-06,2025-08-06,ACTIVA,"MOTONAVE ALEJANDRO A., S. A.",,20.73,6.1,2.44,Arrastre de Camarón,INDUSTRIAL,174-76-I
101,MARISCOS 15,C-174-A,2024-08-03,2025-08-03,ACTIVA,ALAN YAMPIER ORTEGA GOMEZ,,20.73,6.1,2.44,Arrastre de Camarón,INDUSTRIAL,282-PINT-4
102,MARISCOS 16,C-364,2021-12-05,2022-12-05,VENCIDA,"MOTONAVE TUCAN I, S.A.",,20.73,6.1,2.44,Arrastre de Camarón,INDUSTRIAL,203-77-I
104,MARISCOS 18,C-173,2024-08-18,2025-08-18,ACTIVA,"MOTONAVE TUCAN I, S.A.",,20.73,6.1,2.44,Arrastre de Camarón,INDUSTRIAL,176-76-K
106,MARISCOS 7,C-039,2023-08-04,2024-08-04,VENCIDA,"MOTONAVE DON HUGO, S. A.",,21.55,5.97,2.74,Arrastre de Camarón,INDUSTRIAL,8746-78-I
107,MARISCOS 9,C-035,2024-08-19,2025-08-19,ACTIVA,"MOTONAVE DON HUGO, S. A.",,21.95,6.1,2.74,Arrastre de Camarón,INDUSTRIAL,186-76-F
200,MARLIN VII,PAL-79-A,2023-08-24,2025-08-24,ACTIVA,"CORPORACIÓN DE DESARROLLO PESQUERO DEL ATLANTICO, S.A.",,15.21,4.0,2.38,Palangre,INDUSTRIAL,726-PINT-6
249,MELYMAR II,PAL-335-A,2024-10-30,2026-10-30,ACTIVA,TUNA SOSA S.A.,,12.31,3.27,1.2,Palangre,INDUSTRIAL,52119-21-A
108,MERCURIO,C-053,2024-02-09,2025-02-09,VENCIDA,CAIPORT INVESTMENT CORP.,,23.16,6.1,2.9,Arrastre de Camarón,INDUSTRIAL,5-68-N
109,MILLENIUM,C-098-B,2024-09-23,2025-09-23,ACTIVA,"INDUSTRIAS PANAMEÑAS DEL PACIFICO, S. A.",,24.69,6.1,2.74,Arrastre de Camarón,INDUSTRIAL,9201-78-I
227,MISS ANGE,PAL-50,2023-03-10,2025-03-10,ACTIVA,"COMERCIALIZADORA PESQUERA DEL CARIBE, S.A",,13.0,3.7,4.0,Palangre,INDUSTRIAL,48211-16-A
148,MONSERRAT,C-209-C,2024-06-10,2025-06-10,ACTIVA,ARMANDO ENRIQUE ARJONA CASTRO,,15.72,4.64,2.6,Arrastre de Camarón,INDUSTRIAL,9445-79-K
282,MR STUARt,PAL-415,2023-06-09,2025-06-09,ACTIVA,JOSE DE LOS SANTOS STUART QUINTERO,,14.7,4.2,1.75,Palangre,INDUSTRIAL,3004-PINT
110,NAUTILOS,C-184-A,2024-09-21,2025-09-21,ACTIVA,"INDUSTRIAS PANAMEÑAS DEL PACIFICO, S. A.",,19.2,5.4,3.0,Arrastre de Camarón,INDUSTRIAL,18535-89-H
199,NAZA II,PAL-61-A,2023-06-22,2025-06-22,ACTIVA,"OCEAN STAR NO. 101, S.A",,15.86,4.27,2.13,Palangre,INDUSTRIAL,745-PINT-2
111,NELE KANTULE I,C-056,2024-10-30,2025-10-30,ACTIVA,"MARILLO HOLDING, CORP.",,24.05,6.5,4.0,Arrastre de Camarón,INDUSTRIAL,17417-87-H
204,OCEAN PACIFIC,PAL-51,2023-03-08,2025-03-08,ACTIVA,"TINWALD TRADING, INC.",,12.86,4.0,2.0,Palangre,INDUSTRIAL,17568-88-D
114,ODISEA II,C-158-A,2024-09-15,2025-09-15,ACTIVA,"INDUSTRIAS PANAMEÑAS DEL PACIFICO, S. A.",,19.75,6.1,2.74,Arrastre de Camarón,INDUSTRIAL,171-76-H
116,ORPHEO,C-050,2024-02-28,2025-02-28,ACTIVA,CAIPORT INVESTMENT CORP.,,18.29,5.49,1.89,Arrastre de Camarón,INDUSTRIAL,4314-58-J
117,PALMAS DE MALLORCA,C-080,2024-03-14,2025-03-14,ACTIVA,"PALMAS DE MALLORCA, S. A.",,21.76,5.67,2.47,Arrastre de Camarón,INDUSTRIAL,217-65-O
119,PANAMA I,C-131,2022-06-28,2023-06-28,VENCIDA,"NAVES PANAMA, S. A.",,18.02,6.22,2.22,Arrastre de Camarón,INDUSTRIAL,23085-96-CH
120,PANAMA IV,PAL-1,2022-12-12,2024-12-12,VENCIDA,"NAVES PANAMA, S. A.",,21.18,5.65,3.12,Palangre,INDUSTRIAL,8545-78-LL
120,PANAMA IV,C-133,2023-08-23,2024-08-23,VENCIDA,"NAVES PANAMA, S. A.",,21.18,5.65,3.12,Arrastre de Camarón,INDUSTRIAL,8545-78-LL
121,PANAMA V,C-134,2024-12-13,2025-12-13,ACTIVA,"NAVES PANAMA, S. A.",,19.11,5.21,2.89,Arrastre de Camarón,INDUSTRIAL,23104-96-E
122,PANAMA VI,C-135,2022-06-28,2023-06-28,VENCIDA,"NAVES PANAMA, S. A.",,18.2,5.5,3.0,Arrastre de Camarón,INDUSTRIAL,32097-06-B
123,PANAMA VII,C-367,2021-12-05,2022-12-05,VENCIDA,"NAVES PANAMA, S. A.",,19.71,5.01,3.02,Arrastre de Camarón,INDUSTRIAL,23282-96-E
089,PANAMAR 8,C-011-B,2024-10-11,2025-10-11,ACTIVA,"VACAMONTE BAY, S.A.  (PANAMAR 8)",,18.79,5.18,2.11,Arrastre de Camarón,INDUSTRIAL,22983-96-CH
044,PANAMAR I,PAL-10-A,2023-04-05,2025-04-05,ACTIVA,"COMERCIALIZADORA DE MARISCOS PANAMEÑOS, S.A.",,18.6,5.55,2.53,Palangre,INDUSTRIAL,29778-04-CH
118,PANAMAR II,C-118-A-,2023-03-01,2023-03-01,VENCIDA,"COMERCIALIZADORA DE MARISCOS PANAMEÑOS, S.A.",,17.96,4.15,2.06,Arrastre de Camarón,INDUSTRIAL,2746-52-G
118,PANAMAR II,C-118-A,2024-03-01,2025-03-01,ACTIVA,"COMERCIALIZADORA DE MARISCOS PANAMEÑOS, S.A.",,17.96,4.15,2.06,Arrastre de Camarón,INDUSTRIAL,2746-52-G
069,PANAMAR III,PAL-6-A,2023-03-26,2025-03-26,ACTIVA,"COMERCIALIZADORA DE MARISCOS PANAMEÑOS, S.A.",,21.64,6.25,3.6,Palangre,INDUSTRIAL,19194-90-D
069,PANAMAR III,C-125-A,2023-02-15,2024-02-15,VENCIDA,"COMERCIALIZADORA DE MARISCOS PANAMEÑOS, S.A.",,21.64,6.25,3.6,Arrastre de Camarón,INDUSTRIAL,19194-90-D
192,PANAMAR IV,PAL-304-A,2023-10-25,2025-10-25,ACTIVA,PESPAMAR S.A.,,19.0,4.8,3.2,Palangre,INDUSTRIAL,32415-07-B
42,PANAMAR V,PAL-5356-A,2024-04-28,2026-04-28,ACTIVA,"COMERCIALIZADORA DE MARISCOS PANAMEÑOS, S.A.",Chiriquí,12.8,3.0,1.9,Palangre,INDUSTRIAL,47510-16-B
8NUR0144,PERALSA,PAL-407,2024-12-24,2026-12-24,ACTIVA,"COMERCIALIZADORA PERALSA, S.A.",Panamá,15.85,2.45,1.7,Palangre,INDUSTRIAL,55762-24
124,PERLA DEL PACIFICO,PAL-410,2022-11-22,2024-11-22,VENCIDA,"COMPAÑIA GRAN PESCA DEL PACIFICO, S.A.",,23.35,5.75,2.9,Palangre,INDUSTRIAL,29208-03-D
124,PERLA DEL PACIFICO,C-037-C,2024-08-30,2025-08-30,ACTIVA,"COMPAÑIA GRAN PESCA DEL PACIFICO, S.A.",,23.35,5.75,2.9,Arrastre de Camarón,INDUSTRIAL,29208-03-D
125,PESCADOR I,C-142-A,2022-03-31,2023-03-31,VENCIDA,"NAVES AMERICA, S. A.",,21.83,5.45,3.13,Arrastre de Camarón,INDUSTRIAL,13481-83-H
126,PESCADOR IV,C-145-A,2022-03-31,2023-03-31,VENCIDA,"NAVES AMERICA, S. A.",,21.36,5.63,3.23,Arrastre de Camarón,INDUSTRIAL,15910-86-G
127,PESCADOR IX,C-150-A,2022-03-31,2023-03-31,VENCIDA,"NAVES PANAMA, S. A.",,19.58,5.45,2.03,Arrastre de Camarón,INDUSTRIAL,88-71-H
128,PESCADOR V,C-146-A,2024-05-20,2025-05-20,ACTIVA,"NAVES HERCULES, S. A.",,22.23,5.8,3.23,Arrastre de Camarón,INDUSTRIAL,17183-87-G
129,PESCADOR VI,C-147-A,2023-04-26,2024-04-26,VENCIDA,"NAVES HERCULES, S. A.",,21.18,5.84,2.63,Arrastre de Camarón,INDUSTRIAL,132-74-J
130,PESCADOR VII,PAL-24-A,2022-12-29,2024-12-29,VENCIDA,"NAVES HERCULES, S. A.",,21.3,5.84,2.72,Palangre,INDUSTRIAL,17843-88-F
130,PESCADOR VII,C-148-A,2024-07-24,2025-07-24,ACTIVA,"NAVES HERCULES, S. A.",,21.3,5.84,2.72,Arrastre de Camarón,INDUSTRIAL,17843-88-F
131,PESCADOR VIII,PAL-75-A,2021-03-15,2023-03-15,VENCIDA,"NAVES HERCULES, S. A.",,21.15,5.93,2.65,Palangre,INDUSTRIAL,18451-89-E
131,PESCADOR VIII,C-149-A,2022-03-31,2023-03-31,VENCIDA,"NAVES HERCULES, S. A.",,21.15,5.93,2.65,Arrastre de Camarón,INDUSTRIAL,18451-89-E
132,PESCADOR X,C-151-A,2024-10-11,2025-10-11,ACTIVA,"NAVES PANAMA, S. A.",,21.83,5.63,2.64,Arrastre de Camarón,INDUSTRIAL,133-74-J
133,PESCADOR XI,C-152-A,2024-10-01,2025-10-01,ACTIVA,"NAVES PANAMA, S. A.",,19.8,5.5,2.45,Arrastre de Camarón,INDUSTRIAL,98-71-H
134,PESCADOR XII,C-153-A,2022-03-31,2023-03-31,VENCIDA,"NAVES PANAMA, S. A.",,21.84,5.84,2.7,Arrastre de Camarón,INDUSTRIAL,135-74-H
135,PLEAMAR,B-033,2024-07-27,2025-07-27,ACTIVA,"ANCHOVETAS, S. A.",,23.0,7.32,3.1,Bolicheros máximo 20 licencias,INDUSTRIAL,30760-05-CH
181,PODEROSO 1,PAL-306,2023-10-12,2025-10-12,ACTIVA,NICE FISH S.A.,Panamá,11.66,3.84,1.4,Palangre,INDUSTRIAL,25079-97-C
136,PONCA,C-172-A,2024-09-30,2025-09-30,ACTIVA,URBANO ALBERTO BATISTA ORTEGA,,20.73,6.1,2.44,Arrastre de Camarón,INDUSTRIAL,178-76-J
177,POSEIDON III,CC-028,2024-06-02,2026-06-02,ACTIVA,FELIX JULIAN ROMERO TAPIA,,16.46,4.88,2.13,Cerco para Cojinúa,INDUSTRIAL,9789-79-k
137,PROMAR,B-023-B,2024-07-27,2025-07-27,ACTIVA,"ANCHOVETAS, S. A.",,23.75,7.11,3.2,Bolicheros máximo 20 licencias,INDUSTRIAL,34004-08-C
139,PUERTO PEDREGAL,C-044,2020-12-16,2021-12-16,VENCIDA,"GOLD LAKE NAVIGATION, S. A.",,18.28,5.48,1.88,Arrastre de Camarón,INDUSTRIAL,4312-58-H
140,PUSA IV,C-021-A,2024-04-24,2025-04-24,ACTIVA,ULISES GONZALEZ SEGURA,,21.71,6.0,3.4,Arrastre de Camarón,INDUSTRIAL,507-PINT-1
141,QUIBIAN,C-226,2023-08-04,2024-08-04,VENCIDA,"MOTONAVE PANTERA I, S. A.",,20.73,6.1,2.44,Arrastre de Camarón,INDUSTRIAL,167-75-I
285,RAFAEL III,PAL-417,2023-09-06,2025-09-06,ACTIVA,PORFIRIO FLORES MORENO,,22.0,5.3,2.9,Palangre,INDUSTRIAL,1876-PINT-2
169,REY DE REYES I,PAL-423,2024-02-07,2026-02-07,ACTIVA,HECTOR LELIS ACOSTA,Chiriquí,15.78,5.19,1.85,Palangre,INDUSTRIAL,2022-PINT-2
254,"ROSELYN M,",PAL-33,2023-03-08,2025-03-08,ACTIVA,RICARDO ALBERTO MONTENEGRO,Chiriquí,12.1,3.2,1.1,Palangre,INDUSTRIAL,50580-19
267,RUBI I,PAL-356-A,2023-07-13,2025-07-13,ACTIVA,COMERCIAL FISHING IN PANAMA,Panamá Oeste,14.0,4.3,1.08,Palangre,INDUSTRIAL,2141-PINT-5
142,RUTH H.,C-023-A,2024-09-23,2025-09-23,ACTIVA,"PACIFIC OCEAN SHRIMP COMPANY, S.A.",,21.95,6.1,3.05,Arrastre de Camarón,INDUSTRIAL,59-69-J
143,SAN NICOLAS,C-154-A,2023-09-23,2024-09-23,VENCIDA,"INDUSTRIAS PANAMEÑAS DEL PACIFICO, S. A.",,16.75,5.46,2.44,Arrastre de Camarón,INDUSTRIAL,08348-77-L
143,SAN NICOLAS,PAL-405,2022-10-22,2024-10-22,VENCIDA,"INDUSTRIAS PANAMEÑAS DEL PACIFICO, S. A.",,16.75,5.46,2.44,Palangre,INDUSTRIAL,08348-77-L
144,SAN PANCRACIO,C-176,2024-10-28,2025-10-28,ACTIVA,"CIA. CORBINA, S. A.",,21.94,6.1,2.74,Arrastre de Camarón,INDUSTRIAL,152-75-L
145,SAN PEDRO I,C-182,2024-11-07,2025-11-07,ACTIVA,"CIA. LOS CINCO, S. A.",,21.95,6.1,7.74,Arrastre de Camarón,INDUSTRIAL,00163-75-M
146,SANTA MARTA,C-104,2024-10-29,2025-10-29,ACTIVA,"COMPAÑIA SANCHEZ PESCA, S. A.  ",,22.25,6.09,2.74,Arrastre de Camarón,INDUSTRIAL,128-74-M
147,SECATIVA,C-052,2024-10-22,2025-10-22,ACTIVA,"CORPORACIÓN PESCADORA DEL PACIFICO, S. A",,20.73,6.1,2.44,Arrastre de Camarón,INDUSTRIAL,180-76-H
149,SOFIANOS K.,C-185-A,2024-09-15,2025-09-15,ACTIVA,"INDUSTRIAS PANAMEÑAS DEL PACIFICO, S. A.",,19.05,6.13,3.25,Arrastre de Camarón,INDUSTRIAL,9447-79-L
164,SOLARIS,PAL-300,2023-06-27,2025-06-27,ACTIVA,"FORCE, S. A.",,23.61,3.6,3.0,Palangre,INDUSTRIAL,9192-78-H
150,TABOR,B-021-A,2024-07-27,2025-07-27,ACTIVA,"ANCHOVETAS, S. A.",,24.25,7.3,3.4,Bolicheros máximo 20 licencias,INDUSTRIAL,42844-11-B
221,TIA CHICHI,PAL-336-A,2023-06-01,2025-06-01,ACTIVA,"INDUSTRIA PESQUERA GOLLA, S.A",,14.9,4.17,1.78,Palangre,INDUSTRIAL,52409-21
098,TIA MAYE II,C-038-A,2024-08-03,2025-08-03,ACTIVA,"ORTARC, S.A.",,22.54,6.3,3.23,Arrastre de Camarón,INDUSTRIAL,15879-86-I
284,TIN TIN TUNA,PAL-5909-A,2023-11-02,2025-11-02,ACTIVA,TUNA COMOSO S.A.,Chiriquí,14.61,4.54,1.8,Palangre,INDUSTRIAL,1988-PINT-3
274,TROPIMAR,C-396-A,2023-08-01,2024-08-01,VENCIDA,ISIDRO MORAN DIAZ,,8.84,2.44,2.13,Arrastre de Camarón,INDUSTRIAL,211-77-H
018,TSUYOI,C-246-B,2024-11-21,2025-11-21,ACTIVA,INVERSIONES MAXICA S.A. ANDROS (TSUYOI),,18.29,5.18,1.89,Arrastre de Camarón,INDUSTRIAL,4427-59-LL
151,TUCAN I,C-171,2023-08-05,2024-08-05,VENCIDA,"MOTONAVE TUCAN I, S.A.",,21.94,6.1,3.05,Arrastre de Camarón,INDUSTRIAL,35-69-G
167,ULISES,C-048,2024-10-31,2025-10-31,ACTIVA," C. P. FISH COMPANY (PANAMA), INC.",,18.29,5.49,2.74,Arrastre de Camarón,INDUSTRIAL,172-65-J
154,UNICORNIO,C-049,2024-10-29,2025-10-29,ACTIVA,"DEVECO PORT INVESTMENT, CORP.",,18.29,5.49,1.89,Arrastre de Camarón,INDUSTRIAL,4309-58-L
172,VENUS K.,C-357,2024-09-15,2025-09-15,ACTIVA,"INDUSTRIAS PANAMEÑAS DEL PACIFICO, S. A.",,17.25,5.11,2.44,Arrastre de Camarón,INDUSTRIAL,20-65-K
172,VENUS K.,PAL-77,2021-06-23,2023-06-23,VENCIDA,"INDUSTRIAS PANAMEÑAS DEL PACIFICO, S. A.",,17.25,5.11,2.44,Palangre,INDUSTRIAL,20-65-K
002,VIKINGO PRIMERO,C-189-B,2024-10-09,2025-10-09,ACTIVA,"MARI SERVICES, S.A.",,20.73,6.1,2.44,Arrastre de Camarón,INDUSTRIAL,190-76-K
262,YADIRA I,PAL-353,2023-06-07,2025-06-07,ACTIVA,JORGE ELIECER VALDES SANABRIA,,14.53,4.73,2.36,Palangre,INDUSTRIAL,2101-PINT-1
156,YAGAN,PAL-11-A,2024-07-04,2026-07-04,ACTIVA,"YAGANES, S.A.",Panamá,14.08,4.3,1.08,Palangre,INDUSTRIAL,35210-16-B
178,YAGAN I,PAL-13-A,2024-06-18,2026-06-18,ACTIVA,"YAGANES, S.A.",,14.0,4.3,1.08,Palangre,INDUSTRIAL,27145-00-C
261,YAGAN II,PAL-351,2023-07-12,2025-07-12,ACTIVA,"YAGANES, S.A.",,16.0,5.0,1.5,Palangre,INDUSTRIAL,52733-21
260,YAKADI,PAL-349,2023-05-23,2025-05-23,ACTIVA,CARLOS ROSERO BERNAL (YAKADI),,14.29,4.36,1.8,Palangre,INDUSTRIAL,2086-PINT-1
157,YUSKA DOS,C-247-B,2024-05-11,2025-05-11,ACTIVA,FELIX JULIAN ROMERO ORTEGA,,19.8,5.25,2.3,Arrastre de Camarón,INDUSTRIAL,10417-80-J
158,ZETA,C-067,2024-10-30,2025-10-30,ACTIVA," C. P. FISH COMPANY (PANAMA), INC.",,18.59,5.18,2.29,Arrastre de Camarón,INDUSTRIAL,197-64-K
159,ZORBA,C-057,2024-10-29,2025-10-29,ACTIVA,"DEVECO PORT INVESTMENT, CORP.",,24.05,6.5,4.0,Arrastre de Camarón,INDUSTRIAL,17420-87-G
